MPO_AREA,MPO_FIPS,MPO_NAME,population,injuries,collisions,injury_rate,collision_rate,year
Atlanta,ARC,Atalanta Regional Commission,4168097,2029,1874,9.73585787470877,8.992113187385035,2010
Austin,CAMPO,Capital Area Metropoltian Planning Organization,1669786,976,868,11.69012076996693,10.396541832306655,2010
Baltimore,BMC,Baltimore Metropolitan Council,2062622,978,912,9.483075425356658,8.84311328008719,2010
Bay Area,MTC,Metropolitan Transportation Commission,7002425,2109,1968,6.023627529034584,5.620909899070679,2010
Boston,MAPC,Metropolitan Area Planning Council,4072454,980,926,4.812822931824399,4.547626566193258,2010
Charlotte,CRTPO,Charlotte Regional Transportation Planning Organization,1227739,613,573,9.985835751735507,9.334231461247056,2010
Chicago,CMAP,Chicago Metropolitan Agency for Planning,8363765,2371,2180,5.669695406315218,5.2129633006188,2010
Dallas,NCTCOG,North Central Texas Council of Governments,6319585,3071,2836,9.718992623724501,8.975272901622496,2010
Denver,DRCOG,Denver Regional Council of Governments,2715594,925,851,6.812505845866504,6.267505378197183,2010
Detroit,SEMCOG,Southeast Michigan Council of Governments,4752765,1797,1667,7.561913959558279,7.014863979178435,2010
Houston,H-GAC,Houston-Galveston Area Council,5848241,3223,2929,11.02211759057125,10.016687068812656,2010
Los Angeles,SCAG,Southern California Association of Governments,17815664,7669,7051,8.6092777681483,7.915506264599512,2010
Miami,SEFTC,Southeast Florida Transportation Council,5478869,3423,3193,12.49527959146313,11.655690252860582,2010
Minneapolis,Met Council,Metropolitan Council,2807902,675,607,4.807860103379676,4.323512715187354,2010
New York City,NYMTC,New York Metropolitan Transportation Council,12234514,3038,2889,4.9662781864486,4.722704964005925,2010
Newark,NJPTA,North Jersey Transporttrion Planning Authority,6518190,2025,1899,6.213381322115495,5.82677092873942,2010
Orlando,MetroPlan,Metro Plan Orlando,1791955,1253,1156,13.984726178949806,12.90210970699599,2010
Philadelphia,DVRPC,Delaware Valley Regional Planning Commission,5576448,2091,1960,7.499397465913785,7.029564339163568,2010
Phoenix,MAG,Maricopa Association of Governments,4080707,2443,2186,11.973415391009452,10.71382973587665,2010
Portland,Metro,Oregon Metro,1599180,454,420,5.677909928838529,5.252692004652384,2010
Sacramento,SACOG,Sacramento Area Council of Governments,2271672,1114,1024,9.807753936307707,9.015386024038682,2010
San Antonio,AAMPO,Alamo Area Metropoltian Planning Organization,2037517,1062,956,10.42445290027028,9.383970784047445,2010
San Diego,SANDAG,San Diego Association of Governments,3022468,1276,1183,8.443430997449767,7.828039866757894,2010
Seattle,PSRC,Puget Sound Regional Council,3603425,1060,992,5.883291590639462,5.505872884824854,2010
St Louis,EWG,East-West Gateway Council of Governments,2234222,1080,995,9.667794874457417,8.906903611189936,2010
Tampa,SCTPA,Sun Coast Transporation Planning Alliance,4170971,3200,2965,15.34414888044055,14.217312947033196,2010
Washington DC,COG,Metropolitan Washington Council of Governments,4676558,1657,1526,7.08640842260483,6.526167322205776,2010
Atlanta,ARC,Atalanta Regional Commission,4240026,1844,1712,8.698059870387587,8.07542217901494,2011
Austin,CAMPO,Capital Area Metropoltian Planning Organization,1723773,931,844,10.801886327260029,9.79247267476634,2011
Baltimore,BMC,Baltimore Metropolitan Council,2077211,941,883,9.060225465780798,8.501784363745426,2011
Bay Area,MTC,Metropolitan Transportation Commission,7081266,1972,1854,5.569625544358876,5.236351804889126,2011
Boston,MAPC,Metropolitan Area Planning Council,4103716,942,898,4.590960972932825,4.37652118226505,2011
Charlotte,CRTPO,Charlotte Regional Transportation Planning Organization,1259709,585,547,9.287859338942566,8.684545398977066,2011
Chicago,CMAP,Chicago Metropolitan Agency for Planning,8399893,2143,1973,5.102445947823384,4.6976788871001105,2011
Dallas,NCTCOG,North Central Texas Council of Governments,6447389,2926,2702,9.076542457729788,8.38168753273612,2011
Denver,DRCOG,Denver Regional Council of Governments,2763317,872,810,6.311255639508605,5.862519573396755,2011
Detroit,SEMCOG,Southeast Michigan Council of Governments,4728901,1745,1624,7.3801502717016065,6.868403462030607,2011
Houston,H-GAC,Houston-Galveston Area Council,5975992,3171,2907,10.612464005975912,9.728928686651521,2011
Los Angeles,SCAG,Southern California Association of Governments,17943079,6984,6425,7.7846171217325635,7.161535653942113,2011
Miami,SEFTC,Southeast Florida Transportation Council,5526089,3132,2910,11.335322322894184,10.531860778934252,2011
Minneapolis,Met Council,Metropolitan Council,2833150,640,573,4.517939396078569,4.044967615551594,2011
New York City,NYMTC,New York Metropolitan Transportation Council,12301697,2934,2795,4.770073592285682,4.544088510715229,2011
Newark,NJPTA,North Jersey Transporttrion Planning Authority,6545968,1920,1815,5.866206495357142,5.545398327642299,2011
Orlando,MetroPlan,Metro Plan Orlando,1818056,1190,1090,13.090905890687635,11.990829765419766,2011
Philadelphia,DVRPC,Delaware Valley Regional Planning Commission,5601058,2016,1890,7.198639971234006,6.748724973031881,2011
Phoenix,MAG,Maricopa Association of Governments,4150083,2157,1960,10.394972823435097,9.445594220645708,2011
Portland,Metro,Oregon Metro,1622910,431,404,5.311446722245842,4.97871108071304,2011
Sacramento,SACOG,Sacramento Area Council of Governments,2296810,1045,963,9.099577239736853,8.38554342762353,2011
San Antonio,AAMPO,Alamo Area Metropoltian Planning Organization,2085038,1062,967,10.186864699828012,9.275610324607992,2011
San Diego,SANDAG,San Diego Association of Governments,3060849,1176,1100,7.684142536923578,7.187548291340082,2011
Seattle,PSRC,Puget Sound Regional Council,3653681,971,919,5.315187614901246,5.03054317002497,2011
St Louis,EWG,East-West Gateway Council of Governments,2242950,1015,943,9.050580708442007,8.408569071981095,2011
Tampa,SCTPA,Sun Coast Transporation Planning Alliance,4209347,3000,2808,14.253992365086557,13.341736853721018,2011
Washington DC,COG,Metropolitan Washington Council of Governments,4751967,1538,1417,6.473108925209287,5.9638461294028335,2011
Atlanta,ARC,Atalanta Regional Commission,4307675,1766,1654,8.19931865797675,7.679316568682642,2012
Austin,CAMPO,Capital Area Metropoltian Planning Organization,1774723,924,841,10.41289260352179,9.477535367491152,2012
Baltimore,BMC,Baltimore Metropolitan Council,2095006,942,875,8.992814340388524,8.35319803380038,2012
Bay Area,MTC,Metropolitan Transportation Commission,7171582,1846,1742,5.148097030752768,4.858063395217401,2012
Boston,MAPC,Metropolitan Area Planning Council,4144506,921,877,4.444438010223655,4.2321087241760535,2012
Charlotte,CRTPO,Charlotte Regional Transportation Planning Organization,1288104,548,529,8.508629737971468,8.213622502530852,2012
Chicago,CMAP,Chicago Metropolitan Agency for Planning,8432516,2019,1884,4.788606389836675,4.468417255300791,2012
Dallas,NCTCOG,North Central Texas Council of Governments,6569087,2852,2643,8.683094012912298,8.046780321222721,2012
Denver,DRCOG,Denver Regional Council of Governments,2812235,852,788,6.059237581496568,5.604083584764431,2012
Detroit,SEMCOG,Southeast Michigan Council of Governments,4713945,1726,1610,7.322953492244817,6.830796710610751,2012
Houston,H-GAC,Houston-Galveston Area Council,6101971,3132,2878,10.265535513033411,9.433017626599668,2012
Los Angeles,SCAG,Southern California Association of Governments,18092156,6529,6035,7.217492486799251,6.671399472788097,2012
Miami,SEFTC,Southeast Florida Transportation Council,5598297,2919,2723,10.428171281373602,9.727958341617104,2012
Minneapolis,Met Council,Metropolitan Council,2860781,582,532,4.068818969365359,3.719264075089984,2012
New York City,NYMTC,New York Metropolitan Transportation Council,12392233,2900,2753,4.680350990818201,4.44310561300776,2012
Newark,NJPTA,North Jersey Transporttrion Planning Authority,6582222,1875,1775,5.697164270667261,5.3933155095650065,2012
Orlando,MetroPlan,Metro Plan Orlando,1849539,1104,1018,11.93810998308227,11.008148517008832,2012
Philadelphia,DVRPC,Delaware Valley Regional Planning Commission,5627010,1922,1798,6.831336713458835,6.390605312590524,2012
Phoenix,MAG,Maricopa Association of Governments,4210193,2004,1828,9.519753607494954,8.683687422405576,2012
Portland,Metro,Oregon Metro,1646134,405,384,4.920620071027025,4.6654768080848825,2012
Sacramento,SACOG,Sacramento Area Council of Governments,2320595,999,921,8.609860833105303,7.937619446736719,2012
San Antonio,AAMPO,Alamo Area Metropoltian Planning Organization,2128676,1116,1027,10.48539091905015,9.649190388767478,2012
San Diego,SANDAG,San Diego Association of Governments,3100500,1100,1033,7.095629737139172,6.663441380422513,2012
Seattle,PSRC,Puget Sound Regional Council,3705148,947,889,5.111806599898304,4.798728687760922,2012
St Louis,EWG,East-West Gateway Council of Governments,2250372,993,925,8.825207565682474,8.22086303953302,2012
Tampa,SCTPA,Sun Coast Transporation Planning Alliance,4244494,2896,2714,13.645913977025295,12.788332366590693,2012
Washington DC,COG,Metropolitan Washington Council of Governments,4839239,1421,1307,5.872824218849286,5.401675759349765,2012
Atlanta,ARC,Atalanta Regional Commission,4370246,1729,1629,7.912598055120925,7.454957913124342,2013
Austin,CAMPO,Capital Area Metropoltian Planning Organization,1825262,899,815,9.850640620360256,8.930224811561299,2013
Baltimore,BMC,Baltimore Metropolitan Council,2112599,912,846,8.633914907656399,8.009092118286528,2013
Bay Area,MTC,Metropolitan Transportation Commission,7257501,1849,1742,5.09541783046258,4.800550492518016,2013
Boston,MAPC,Metropolitan Area Planning Council,4183724,904,861,4.321508780215904,4.115950287351652,2013
Charlotte,CRTPO,Charlotte Regional Transportation Planning Organization,1313858,541,516,8.23528874505464,7.854730115431044,2013
Chicago,CMAP,Chicago Metropolitan Agency for Planning,8459768,1996,1853,4.718805527527469,4.380734790835872,2013
Dallas,NCTCOG,North Central Texas Council of Governments,6690477,2794,2579,8.352169807922515,7.709465259352957,2013
Denver,DRCOG,Denver Regional Council of Governments,2863111,809,758,5.6511955002792424,5.29493966528018,2013
Detroit,SEMCOG,Southeast Michigan Council of Governments,4707345,1753,1631,7.447935088675252,6.929596194882678,2013
Houston,H-GAC,Houston-Galveston Area Council,6230250,3118,2877,10.009229164158741,9.235584446852052,2013
Los Angeles,SCAG,Southern California Association of Governments,18234913,6382,5906,6.999759198193049,6.477683770687582,2013
Miami,SEFTC,Southeast Florida Transportation Council,5673185,2766,2585,9.751136266488755,9.113046727719967,2013
Minneapolis,Met Council,Metropolitan Council,2889547,558,510,3.862197084871781,3.5299650775709828,2013
New York City,NYMTC,New York Metropolitan Transportation Council,12479637,2870,2721,4.599492757681975,4.360703760854583,2013
Newark,NJPTA,North Jersey Transporttrion Planning Authority,6616927,1844,1747,5.57358423328533,5.280396776328347,2013
Orlando,MetroPlan,Metro Plan Orlando,1882437,1047,969,11.12387824931193,10.295165256526515,2013
Philadelphia,DVRPC,Delaware Valley Regional Planning Commission,5650816,1887,1758,6.678681450608194,6.2221102226651865,2013
Phoenix,MAG,Maricopa Association of Governments,4268289,2012,1855,9.427665277585469,8.6920074999607575,2013
Portland,Metro,Oregon Metro,1667781,410,394,4.916712685898209,4.724840971326571,2013
Sacramento,SACOG,Sacramento Area Council of Governments,2341762,1023,940,8.73701084909568,8.028142911192512,2013
San Antonio,AAMPO,Alamo Area Metropoltian Planning Organization,2172191,1162,1071,10.698875006847926,9.861011301492363,2013
San Diego,SANDAG,San Diego Association of Governments,3138265,1035,975,6.596001293708466,6.213624407116671,2013
Seattle,PSRC,Puget Sound Regional Council,3757315,892,838,4.748071428666481,4.460632126931066,2013
St Louis,EWG,East-West Gateway Council of Governments,2256524,962,892,8.526388374331495,7.905965103849993,2013
Tampa,SCTPA,Sun Coast Transporation Planning Alliance,4282331,2742,2575,12.806109569764692,12.026160518652107,2013
Washington DC,COG,Metropolitan Washington Council of Governments,4927028,1355,1248,5.500273187000358,5.065934271126529,2013
Atlanta,ARC,Atalanta Regional Commission,4439074,1707,1617,7.69079316992688,7.285303196117027,2014
Austin,CAMPO,Capital Area Metropoltian Planning Organization,1878927,923,837,9.824756363605397,8.909340277722338,2014
Baltimore,BMC,Baltimore Metropolitan Council,2131125,853,794,8.00516159305531,7.451463428940114,2014
Bay Area,MTC,Metropolitan Transportation Commission,7360487,1851,1752,5.029558506115152,4.760554566566043,2014
Boston,MAPC,Metropolitan Area Planning Council,4228787,909,870,4.299105157105336,4.114655100859892,2014
Charlotte,CRTPO,Charlotte Regional Transportation Planning Organization,1340886,544,522,8.11403803157017,7.785896787646378,2014
Chicago,CMAP,Chicago Metropolitan Agency for Planning,8487546,2002,1854,4.717500205595351,4.368753936650241,2014
Dallas,NCTCOG,North Central Texas Council of Governments,6818412,2893,2672,8.485846851143638,7.837602069220809,2014
Denver,DRCOG,Denver Regional Council of Governments,2916839,840,785,5.759659686393387,5.3825391116890575,2014
Detroit,SEMCOG,Southeast Michigan Council of Governments,4706797,1789,1675,7.601772500492373,7.117366650824329,2014
Houston,H-GAC,Houston-Galveston Area Council,6371624,3162,2928,9.92525610425223,9.190749485531475,2014
Los Angeles,SCAG,Southern California Association of Governments,18418835,6509,6017,7.067765143669511,6.533529400746573,2014
Miami,SEFTC,Southeast Florida Transportation Council,5775204,2750,2585,9.523473110213942,8.952064723601106,2014
Minneapolis,Met Council,Metropolitan Council,2920637,529,482,3.6224974209393364,3.3006498239938757,2014
New York City,NYMTC,New York Metropolitan Transportation Council,12586065,2807,2666,4.4604886435911455,4.236431323054505,2014
Newark,NJPTA,North Jersey Transporttrion Planning Authority,6657815,1827,1728,5.4882870731613895,5.190892207128015,2014
Orlando,MetroPlan,Metro Plan Orlando,1921825,1055,971,10.979147424973657,10.104978340899926,2014
Philadelphia,DVRPC,Delaware Valley Regional Planning Commission,5671712,1867,1759,6.58355008152741,6.202712690630272,2014
Phoenix,MAG,Maricopa Association of Governments,4337542,2045,1900,9.429303508761414,8.760722086379797,2014
Portland,Metro,Oregon Metro,1689519,401,385,4.746913174696467,4.557510155257207,2014
Sacramento,SACOG,Sacramento Area Council of Governments,2365548,1021,936,8.632249271627545,7.913599724038574,2014
San Antonio,AAMPO,Alamo Area Metropoltian Planning Organization,2218580,1194,1105,10.76364160859649,9.961326614320871,2014
San Diego,SANDAG,San Diego Association of Governments,3183143,1036,975,6.509289717741238,6.126020728569216,2014
Seattle,PSRC,Puget Sound Regional Council,3810651,886,839,4.650124086409382,4.40344707505358,2014
St Louis,EWG,East-West Gateway Council of Governments,2262169,972,905,8.593522411455554,8.001170557991026,2014
Tampa,SCTPA,Sun Coast Transporation Planning Alliance,4331113,2769,2594,12.786551632340231,11.978445263376873,2014
Washington DC,COG,Metropolitan Washington Council of Governments,5018733,1341,1232,5.343978251084486,4.909605671391565,2014
Atlanta,ARC,Atalanta Regional Commission,4511603,1804,1714,7.997157551318234,7.5981862765850625,2015
Austin,CAMPO,Capital Area Metropoltian Planning Organization,1933238,1011,916,10.459136433279296,9.476329350033465,2015
Baltimore,BMC,Baltimore Metropolitan Council,2147364,861,795,8.019134157040911,7.40442700911443,2015
Bay Area,MTC,Metropolitan Transportation Commission,7458169,2017,1911,5.408834259454297,5.12458218632482,2015
Boston,MAPC,Metropolitan Area Planning Council,4270286,920,877,4.308844887672628,4.107453224444452,2015
Charlotte,CRTPO,Charlotte Regional Transportation Planning Organization,1368776,566,540,8.270162539378248,7.89026107997218,2015
Chicago,CMAP,Chicago Metropolitan Agency for Planning,8505977,2022,1871,4.754303944155974,4.3992594854183125,2015
Dallas,NCTCOG,North Central Texas Council of Governments,6949498,3032,2798,8.72581012326358,8.05238018630986,2015
Denver,DRCOG,Denver Regional Council of Governments,2973960,911,855,6.126511452743143,5.749909211959811,2015
Detroit,SEMCOG,Southeast Michigan Council of Governments,4712709,1837,1720,7.795940721143614,7.299411018163863,2015
Houston,H-GAC,Houston-Galveston Area Council,6514602,3192,2963,9.799524207311514,9.096488166122812,2015
Los Angeles,SCAG,Southern California Association of Governments,18566297,6761,6259,7.283089352712606,6.742324546461796,2015
Miami,SEFTC,Southeast Florida Transportation Council,5861000,2951,2766,10.069953932775977,9.438662344309845,2015
Minneapolis,Met Council,Metropolitan Council,2952114,520,478,3.5228991834326178,3.238357326309214,2015
New York City,NYMTC,New York Metropolitan Transportation Council,12670219,2817,2668,4.4466476862002144,4.2114504887405655,2015
Newark,NJPTA,North Jersey Transporttrion Planning Authority,6688013,1805,1697,5.397716780753865,5.074750901351417,2015
Orlando,MetroPlan,Metro Plan Orlando,1967255,1092,1005,11.101763624949486,10.217282457027686,2015
Philadelphia,DVRPC,Delaware Valley Regional Planning Commission,5689169,1891,1781,6.647719552714992,6.261019843144051,2015
Phoenix,MAG,Maricopa Association of Governments,4407915,2132,1983,9.673507769546372,8.997451175896087,2015
Portland,Metro,Oregon Metro,1714066,434,418,5.06398236707338,4.87729177289556,2015
Sacramento,SACOG,Sacramento Area Council of Governments,2390209,1055,958,8.827679922550706,8.016035417823295,2015
San Antonio,AAMPO,Alamo Area Metropoltian Planning Organization,2265906,1240,1153,10.944849433295115,10.176944674668764,2015
San Diego,SANDAG,San Diego Association of Governments,3223096,1096,1030,6.800914400315721,6.391370284968242,2015
Seattle,PSRC,Puget Sound Regional Council,3869802,952,899,4.920148369348095,4.646232546264641,2015
St Louis,EWG,East-West Gateway Council of Governments,2267461,1004,930,8.855720120434265,8.203007681278752,2015
Tampa,SCTPA,Sun Coast Transporation Planning Alliance,4390555,2876,2688,13.100849437030172,12.244465676890508,2015
Washington DC,COG,Metropolitan Washington Council of Governments,5093353,1319,1222,5.179299373124149,4.798410791476656,2015
Atlanta,ARC,Atalanta Regional Commission,4577546,1962,1852,8.572278683818796,8.091671825908467,2016
Austin,CAMPO,Capital Area Metropoltian Planning Organization,1987199,1102,991,11.090987867848163,9.973837547220986,2016
Baltimore,BMC,Baltimore Metropolitan Council,2159873,864,795,8.000470398028032,7.361543942629961,2016
Bay Area,MTC,Metropolitan Transportation Commission,7530781,2131,2007,5.659439572070944,5.3301244585388945,2016
Boston,MAPC,Metropolitan Area Planning Council,4302566,937,884,4.355540391478016,4.109175780220455,2016
Charlotte,CRTPO,Charlotte Regional Transportation Planning Organization,1396881,609,575,8.719425634681837,8.232626830775134,2016
Chicago,CMAP,Chicago Metropolitan Agency for Planning,8501507,2121,1968,4.989703590198773,4.629767404767178,2016
Dallas,NCTCOG,North Central Texas Council of Governments,7073863,3278,3015,9.2679205124555,8.524338116245678,2016
Denver,DRCOG,Denver Regional Council of Governments,3025352,1021,951,6.749627811904202,6.286871742527811,2016
Detroit,SEMCOG,Southeast Michigan Council of Governments,4716448,1930,1803,8.184125002544286,7.6455841345012185,2016
Houston,H-GAC,Houston-Galveston Area Council,6651406,3364,3112,10.115154600395766,9.357420070282883,2016
Los Angeles,SCAG,Southern California Association of Governments,18641929,7257,6720,7.78567496958067,7.209554333137949,2016
Miami,SEFTC,Southeast Florida Transportation Council,5926955,3151,2959,10.63277855154966,9.984891061261642,2016
Minneapolis,Met Council,Metropolitan Council,2978822,545,501,3.659164595937589,3.363745802871068,2016
New York City,NYMTC,New York Metropolitan Transportation Council,12708171,2752,2599,4.331071717558727,4.0902817565171254,2016
Newark,NJPTA,North Jersey Transporttrion Planning Authority,6702010,1792,1680,5.34764943651233,5.0134213467303095,2016
Orlando,MetroPlan,Metro Plan Orlando,2010922,1129,1048,11.228680177550398,10.423079562509137,2016
Philadelphia,DVRPC,Delaware Valley Regional Planning Commission,5700146,1863,1762,6.536674674648686,6.182297786758443,2016
Phoenix,MAG,Maricopa Association of Governments,4486153,2263,2113,10.08882220468183,9.420097798715291,2016
Portland,Metro,Oregon Metro,1737248,480,455,5.5259813221831315,5.238169794986093,2016
Sacramento,SACOG,Sacramento Area Council of Governments,2411845,1142,1036,9.469928623108036,8.59093349697016,2016
San Antonio,AAMPO,Alamo Area Metropoltian Planning Organization,2311330,1340,1231,11.595055660593683,10.651875759843898,2016
San Diego,SANDAG,San Diego Association of Governments,3253356,1136,1066,6.983557901440851,6.553233030753474,2016
Seattle,PSRC,Puget Sound Regional Council,3928583,1013,952,5.157075719158791,4.846531179308163,2016
St Louis,EWG,East-West Gateway Council of Governments,2270963,1052,967,9.264792072790266,8.516210964247326,2016
Tampa,SCTPA,Sun Coast Transporation Planning Alliance,4457280,3101,2882,13.9143154569603,12.931653385024049,2016
Washington DC,COG,Metropolitan Washington Council of Governments,5145939,1303,1218,5.064187507858139,4.733829919087653,2016
Atlanta,ARC,Atalanta Regional Commission,4653304,2079,1958,8.93558641343871,8.41552582852958,2017
Austin,CAMPO,Capital Area Metropoltian Planning Organization,2045607,1149,1024,11.23382937191748,10.01169823920235,2017
Baltimore,BMC,Baltimore Metropolitan Council,2172254,855,798,7.872007601321024,7.34720709456629,2017
Bay Area,MTC,Metropolitan Transportation Commission,7629975,2214,2093,5.803426616732034,5.486256508048847,2017
Boston,MAPC,Metropolitan Area Planning Council,4342905,911,864,4.195348505205617,3.9789035219513207,2017
Charlotte,CRTPO,Charlotte Regional Transportation Planning Organization,1426183,664,621,9.31156801055685,8.7085598411985,2017
Chicago,CMAP,Chicago Metropolitan Agency for Planning,8522948,2208,2034,5.181305811087901,4.7729963857576045,2017
Dallas,NCTCOG,North Central Texas Council of Governments,7221779,3476,3183,9.626436920875038,8.815002508384707,2017
Denver,DRCOG,Denver Regional Council of Governments,3074013,1104,1030,7.1827933063393035,6.70133795790714,2017
Detroit,SEMCOG,Southeast Michigan Council of Governments,4727536,1936,1802,8.19031309333234,7.623421587905411,2017
Houston,H-GAC,Houston-Galveston Area Council,6806113,3504,3252,10.296625989018988,9.556115215836117,2017
Los Angeles,SCAG,Southern California Association of Governments,18765551,7640,7071,8.142579986060628,7.536149617988835,2017
Miami,SEFTC,Southeast Florida Transportation Council,6019790,3268,3072,10.857521607896622,10.206336101425466,2017
Minneapolis,Met Council,Metropolitan Council,3013413,544,506,3.6105240138009624,3.35831829224869,2017
New York City,NYMTC,New York Metropolitan Transportation Council,12820548,2649,2502,4.132428660615755,3.9031092898681083,2017
Newark,NJPTA,North Jersey Transporttrion Planning Authority,6749036,1765,1658,5.230376604895869,4.9132942838058655,2017
Orlando,MetroPlan,Metro Plan Orlando,2064644,1220,1130,11.818018021508793,10.946197019922078,2017
Philadelphia,DVRPC,Delaware Valley Regional Planning Commission,5717778,1874,1787,6.554993915468561,6.25067989698096,2017
Phoenix,MAG,Maricopa Association of Governments,4561038,2402,2248,10.532690146409655,9.857405266081976,2017
Portland,Metro,Oregon Metro,1760492,504,478,5.7256721416513114,5.430300166089934,2017
Sacramento,SACOG,Sacramento Area Council of Governments,2438232,1214,1108,9.958035166464882,9.0885526889976,2017
San Antonio,AAMPO,Alamo Area Metropoltian Planning Organization,2356191,1323,1225,11.229989419363712,10.398138351262695,2017
San Diego,SANDAG,San Diego Association of Governments,3283665,1160,1090,7.0652761472318275,6.638923276278184,2017
Seattle,PSRC,Puget Sound Regional Council,3994119,1052,996,5.267744901942081,4.987332625793072,2017
St Louis,EWG,East-West Gateway Council of Governments,2274031,1096,1012,9.639270528853828,8.900494320438025,2017
Tampa,SCTPA,Sun Coast Transporation Planning Alliance,4540219,3221,3006,14.188742877821534,13.241651999606185,2017
Washington DC,COG,Metropolitan Washington Council of Governments,5215735,1353,1264,5.188147020506218,4.846872013244538,2017
Atlanta,ARC,Atalanta Regional Commission,4716427,2201,2074,9.333336443031982,8.794793177123276,2018
Austin,CAMPO,Capital Area Metropoltian Planning Organization,2104101,1195,1066,11.358770325188763,10.132593444896418,2018
Baltimore,BMC,Baltimore Metropolitan Council,2178550,878,822,8.060407151545753,7.54630373413509,2018
Bay Area,MTC,Metropolitan Transportation Commission,7675798,2257,2136,5.8808217725375265,5.565545106841008,2018
Boston,MAPC,Metropolitan Area Planning Council,4378366,906,856,4.138530218807656,3.9101345113679393,2018
Charlotte,CRTPO,Charlotte Regional Transportation Planning Organization,1453533,717,672,9.865617086092989,9.246436097426066,2018
Chicago,CMAP,Chicago Metropolitan Agency for Planning,8511032,2254,2080,5.296654976740776,4.8877738915797755,2018
Dallas,NCTCOG,North Central Texas Council of Governments,7373410,3618,3329,9.81364117823368,9.029743361619657,2018
Denver,DRCOG,Denver Regional Council of Governments,3128697,1166,1092,7.453582114215599,6.980541739900029,2018
Detroit,SEMCOG,Southeast Michigan Council of Governments,4744637,1924,1793,8.110209484940576,7.558007071984643,2018
Houston,H-GAC,Houston-Galveston Area Council,6949959,3499,3252,10.069124148789943,9.358328588701026,2018
Los Angeles,SCAG,Southern California Association of Governments,18809261,7909,7339,8.40968712167905,7.803602704008413,2018
Miami,SEFTC,Southeast Florida Transportation Council,6070944,3439,3232,11.329374805631545,10.647438026112578,2018
Minneapolis,Met Council,Metropolitan Council,3039708,573,533,3.7700989700326475,3.5069157958593387,2018
New York City,NYMTC,New York Metropolitan Transportation Council,12679749,2498,2361,3.940141086389013,3.7240484807704,2018
Newark,NJPTA,North Jersey Transporttrion Planning Authority,6689517,1769,1664,5.288872126343352,4.974948116583006,2018
Orlando,MetroPlan,Metro Plan Orlando,2114899,1289,1201,12.18970740446707,11.357516363665592,2018
Philadelphia,DVRPC,Delaware Valley Regional Planning Commission,5717224,1942,1852,6.793506778814334,6.478668668570621,2018
Phoenix,MAG,Maricopa Association of Governments,4673634,2507,2342,10.728268409550255,10.022179742786877,2018
Portland,Metro,Oregon Metro,1786256,531,500,5.945396404546717,5.598301699196532,2018
Sacramento,SACOG,Sacramento Area Council of Governments,2463103,1272,1161,10.328435311069006,9.427133173074775,2018
San Antonio,AAMPO,Alamo Area Metropoltian Planning Organization,2404441,1314,1220,10.929775361508142,10.147888844018215,2018
San Diego,SANDAG,San Diego Association of Governments,3302833,1229,1152,7.442095921894931,6.97582953785432,2018
Seattle,PSRC,Puget Sound Regional Council,4072192,1122,1052,5.510545671716854,5.16675048720689,2018
St Louis,EWG,East-West Gateway Council of Governments,2277821,1149,1067,10.088589050676063,9.36860271285584,2018
Tampa,SCTPA,Sun Coast Transporation Planning Alliance,4627802,3423,3196,14.793199881930992,13.81217260375444,2018
Washington DC,COG,Metropolitan Washington Council of Governments,5254200,1387,1303,5.279585855125423,4.959841650489133,2018
Atlanta,ARC,Atalanta Regional Commission,4781915,2363,2223,9.883069857996222,9.297530382702329,2019
Austin,CAMPO,Capital Area Metropoltian Planning Organization,2160971,1225,1101,11.337495968247607,10.18986372329846,2019
Baltimore,BMC,Baltimore Metropolitan Council,2187701,888,831,8.118111204410475,7.597016228451694,2019
Bay Area,MTC,Metropolitan Transportation Commission,7710026,2353,2218,6.103740765595343,5.753547394003601,2019
Boston,MAPC,Metropolitan Area Planning Council,4396863,880,837,4.002853852849179,3.8072598577667764,2019
Charlotte,CRTPO,Charlotte Regional Transportation Planning Organization,1481066,741,695,10.006306268593027,9.385132060286308,2019
Chicago,CMAP,Chicago Metropolitan Agency for Planning,8483267,2344,2182,5.526172876558053,5.144244546352248,2019
Dallas,NCTCOG,North Central Texas Council of Governments,7507217,3733,3424,9.945096831488952,9.121888976967096,2019
Denver,DRCOG,Denver Regional Council of Governments,3170992,1247,1160,7.865046647862877,7.316322463128257,2019
Detroit,SEMCOG,Southeast Michigan Council of Governments,4746537,1912,1777,8.056399855305035,7.4875640914628905,2019
Houston,H-GAC,Houston-Galveston Area Council,7056034,3525,3290,9.991448453904841,9.325351890311186,2019
Los Angeles,SCAG,Southern California Association of Governments,18838048,8066,7494,8.563519957057123,7.956238353358054,2019
Miami,SEFTC,Southeast Florida Transportation Council,6090660,3542,3318,11.630923413882895,10.895370945020737,2019
Minneapolis,Met Council,Metropolitan Council,3065147,604,568,3.9410834129651855,3.7061844015963996,2019
New York City,NYMTC,New York Metropolitan Transportation Council,12651756,2439,2310,3.8555912712828166,3.6516670097020523,2019
Newark,NJPTA,North Jersey Transporttrion Planning Authority,6692889,1772,1665,5.295172234292246,4.975429892831033,2019
Orlando,MetroPlan,Metro Plan Orlando,2163103,1361,1272,12.583774327898395,11.76088239903509,2019
Philadelphia,DVRPC,Delaware Valley Regional Planning Commission,5725345,1950,1850,6.811816580485543,6.4624926532811555,2019
Phoenix,MAG,Maricopa Association of Governments,4761603,2608,2441,10.954294173621783,10.252849723086952,2019
Portland,Metro,Oregon Metro,1804550,579,546,6.4171122994652405,6.051370147682248,2019
Sacramento,SACOG,Sacramento Area Council of Governments,2488449,1379,1259,11.083208858208467,10.118752684905338,2019
San Antonio,AAMPO,Alamo Area Metropoltian Planning Organization,2445978,1303,1216,10.654225017559439,9.94285312459883,2019
San Diego,SANDAG,San Diego Association of Governments,3316073,1249,1172,7.533006661795444,7.06860192764152,2019
Seattle,PSRC,Puget Sound Regional Council,4137205,1167,1101,5.6414898464059675,5.322433865375295,2019
St Louis,EWG,East-West Gateway Council of Governments,2279633,1181,1097,10.361316931277972,9.624356201195544,2019
Tampa,SCTPA,Sun Coast Transporation Planning Alliance,4732955,3548,3330,14.992747659760129,14.071547268038676,2019
Washington DC,COG,Metropolitan Washington Council of Governments,5291616,1423,1339,5.378319212883173,5.0608358580819175,2019
Atlanta,ARC,Atalanta Regional Commission,4846605,2469,2300,10.188575301680249,9.491179908410114,2020
Austin,CAMPO,Capital Area Metropoltian Planning Organization,2221352,1239,1120,11.155368442281999,10.083948874379207,2020
Baltimore,BMC,Baltimore Metropolitan Council,2198153,896,843,8.152298770831694,7.6700757408606215,2020
Bay Area,MTC,Metropolitan Transportation Commission,7713510,2341,2213,6.069869618370884,5.737984393615877,2020
Boston,MAPC,Metropolitan Area Planning Council,4416436,884,840,4.0032279421687536,3.8039722527395394,2020
Charlotte,CRTPO,Charlotte Regional Transportation Planning Organization,1509790,776,728,10.279575305174891,9.643725286298094,2020
Chicago,CMAP,Chicago Metropolitan Agency for Planning,8451538,2507,2325,5.932647998506307,5.501957158566879,2020
Dallas,NCTCOG,North Central Texas Council of Governments,7641334,3922,3603,10.265223323571512,9.43029057491794,2020
Denver,DRCOG,Denver Regional Council of Governments,3208544,1260,1172,7.854029740592618,7.305494330138531,2020
Detroit,SEMCOG,Southeast Michigan Council of Governments,4747794,1977,1828,8.32807826118825,7.7004183416550935,2020
Houston,H-GAC,Houston-Galveston Area Council,7151728,3633,3382,10.159782363087634,9.457854101833851,2020
Los Angeles,SCAG,Southern California Association of Governments,18837602,8304,7717,8.816408797680298,8.193187222025395,2020
Miami,SEFTC,Southeast Florida Transportation Council,6129858,3558,3352,11.60875178511476,10.936631811046846,2020
Minneapolis,Met Council,Metropolitan Council,3090774,625,585,4.044294406514355,3.7854595644974363,2020
New York City,NYMTC,New York Metropolitan Transportation Council,12609264,2349,2221,3.725832054908201,3.5228067236914065,2020
Newark,NJPTA,North Jersey Transporttrion Planning Authority,6702376,1778,1671,5.305581184940983,4.9862914285918905,2020
Orlando,MetroPlan,Metro Plan Orlando,2204145,1396,1300,12.667043229914546,11.795957162527873,2020
Philadelphia,DVRPC,Delaware Valley Regional Planning Commission,5736539,2036,1935,7.098356692075135,6.7462279956607984,2020
Phoenix,MAG,Maricopa Association of Governments,4860338,2697,2529,11.09799359633013,10.406683650396332,2020
Portland,Metro,Oregon Metro,1820714,626,580,6.876423205401837,6.371126931522469,2020
Sacramento,SACOG,Sacramento Area Council of Governments,2512705,1405,1288,11.18316714457129,10.251899844987774,2020
San Antonio,AAMPO,Alamo Area Metropoltian Planning Organization,2487441,1309,1224,10.524872750750673,9.84143945524738,2020
San Diego,SANDAG,San Diego Association of Governments,3323970,1294,1212,7.78587051026333,7.292484589211093,2020
Seattle,PSRC,Puget Sound Regional Council,4197443,1156,1096,5.508115297813454,5.222226960556701,2020
St Louis,EWG,East-West Gateway Council of Governments,2283090,1209,1122,10.590909688185748,9.82878467340315,2020
Tampa,SCTPA,Sun Coast Transporation Planning Alliance,4828214,3664,3437,15.177454851835481,14.237148560523622,2020
Washington DC,COG,Metropolitan Washington Council of Governments,5335608,1479,1396,5.543885532820252,5.232768224352313,2020
Atlanta,ARC,Atalanta Regional Commission,4917115,2604,2432,10.59157656471325,9.891979341544788,2021
Austin,CAMPO,Capital Area Metropoltian Planning Organization,2282724,1269,1160,11.11829551010109,10.163296132164906,2021
Baltimore,BMC,Baltimore Metropolitan Council,2245026,900,845,8.017724516330768,7.527752462555,2021
Bay Area,MTC,Metropolitan Transportation Commission,7740331,2347,2233,6.064340142559795,5.769779096010235,2021
Boston,MAPC,Metropolitan Area Planning Council,4468661,892,855,3.9922473421009115,3.826649638448743,2021
Charlotte,CRTPO,Charlotte Regional Transportation Planning Organization,1520648,785,736,10.32454585150541,9.680083753768129,2021
Chicago,CMAP,Chicago Metropolitan Agency for Planning,8570533,2732,2518,6.375332782686911,5.875947271890792,2021
Dallas,NCTCOG,North Central Texas Council of Governments,7735530,4108,3783,10.621120983306897,9.780842424500973,2021
Denver,DRCOG,Denver Regional Council of Governments,3222097,1302,1220,8.081693381670384,7.572708084207273,2021
Detroit,SEMCOG,Southeast Michigan Council of Governments,4820684,1972,1826,8.181411600511463,7.575688429276842,2021
Houston,H-GAC,Houston-Galveston Area Council,7223944,3773,3513,10.445817409437282,9.725989016526153,2021
Los Angeles,SCAG,Southern California Association of Governments,18808266,8414,7844,8.947129948077084,8.341013467163853,2021
Miami,SEFTC,Southeast Florida Transportation Council,6105897,3685,3465,12.07029859822398,11.349683756538965,2021
Minneapolis,Met Council,Metropolitan Council,3136376,677,636,4.317084431203402,4.055636186477642,2021
New York City,NYMTC,New York Metropolitan Transportation Council,13084891,2397,2276,3.663767623283984,3.478821489609657,2021
Newark,NJPTA,North Jersey Transporttrion Planning Authority,6977930,1802,1707,5.164855480063571,4.892568426453117,2021
Orlando,MetroPlan,Metro Plan Orlando,2257662,1443,1334,12.783135828126621,11.817535131476724,2021
Philadelphia,DVRPC,Delaware Valley Regional Planning Commission,5864282,2144,2032,7.3120630965564075,6.930089651213908,2021
Phoenix,MAG,Maricopa Association of Governments,4787811,2808,2616,11.729786326151972,10.927749654278333,2021
Portland,Metro,Oregon Metro,1825557,634,590,6.945825301538105,6.463780643387196,2021
Sacramento,SACOG,Sacramento Area Council of Governments,2558852,1465,1344,11.450447309965563,10.504710706207316,2021
San Antonio,AAMPO,Alamo Area Metropoltian Planning Organization,2508614,1325,1245,10.563602052766987,9.925799664675393,2021
San Diego,SANDAG,San Diego Association of Governments,3296317,1366,1280,8.288037831312947,7.766243355842293,2021
Seattle,PSRC,Puget Sound Regional Council,4244197,1206,1137,5.68305382620081,5.357903980423152,2021
St Louis,EWG,East-West Gateway Council of Governments,2294044,1251,1157,10.90650397289677,10.08699048492531,2021
Tampa,SCTPA,Sun Coast Transporation Planning Alliance,4835270,3813,3586,15.77161151290414,14.832677389266783,2021
Washington DC,COG,Metropolitan Washington Council of Governments,5404216,1562,1471,5.780671979062272,5.443897875288478,2021
